model,silhouette_score
KMeans (3),0.4532351215683952
KMeans (6),0.30778398336863594
Agglomerative,0.44594921980629704
DBSCAN,0.43077447486724807
